post_id,sender_id,receiver_id,content,post_type,visibility,post_date,post_time
1,131,20,adapter,Story,true,2023-08-11,5:32
2,92,849,Diverse,Message,false,2023-04-02,5:42
3,598,439,flexibility,Story,true,2023-03-10,19:06
4,354,77,neural-net,Story,true,2023-12-21,18:46
5,157,205,User-friendly,Story,false,2023-01-02,4:16
6,66,623,dedicated,Story,true,2023-06-04,21:35
7,425,868,Innovative,Story,true,2023-07-02,14:04
8,591,601,policy,Story,false,2023-10-01,5:25
9,585,395,Vision-oriented,Message,true,2023-01-21,14:33
10,711,173,encompassing,Message,false,2023-10-29,4:02
11,869,180,superstructure,Message,true,2024-02-15,5:07
12,144,822,even-keeled,Story,false,2023-05-19,16:34
13,199,758,conglomeration,Message,false,2023-12-20,0:18
14,309,648,full-range,Story,false,2023-04-12,0:00
15,138,819,User-centric,Message,false,2023-11-28,13:42
16,339,499,encryption,Story,false,2023-10-20,12:40
17,29,815,scalable,Story,true,2023-04-06,22:04
18,921,724,Reduced,Story,false,2023-01-03,11:51
19,412,432,Public-key,Story,true,2023-03-17,0:44
20,977,283,Re-engineered,Story,false,2023-02-11,20:29
21,443,422,disintermediate,Message,false,2023-08-30,13:52
22,577,735,Reactive,Message,true,2023-07-05,12:00
23,134,67,optimizing,Message,false,2023-08-08,11:32
24,271,292,Team-oriented,Message,true,2023-04-07,22:40
25,784,601,software,Message,true,2023-01-25,14:25
26,821,927,Profound,Story,true,2024-01-13,22:40
27,313,850,open system,Story,true,2023-03-24,21:53
28,185,686,logistical,Story,true,2023-05-05,11:24
29,73,433,focus group,Story,false,2023-05-12,18:40
30,582,315,Compatible,Message,false,2024-02-15,4:05
31,87,505,Balanced,Message,false,2023-01-23,13:17
32,96,113,installation,Message,false,2023-09-14,18:42
33,254,818,matrix,Story,true,2023-08-16,1:51
34,269,566,3rd generation,Story,true,2023-11-11,14:48
35,774,224,middleware,Message,true,2024-02-09,8:02
36,491,407,maximized,Story,true,2024-01-23,17:09
37,272,262,internet solution,Message,false,2023-11-17,18:45
38,666,550,homogeneous,Message,false,2023-02-12,0:31
39,760,97,stable,Message,true,2023-08-09,14:30
40,349,665,empowering,Message,false,2024-02-02,11:36
41,977,182,hybrid,Story,true,2023-09-13,16:29
42,706,732,Re-contextualized,Story,false,2023-05-14,7:32
43,38,519,bottom-line,Message,true,2023-03-19,17:17
44,285,819,product,Story,false,2023-12-29,16:11
45,523,274,Customer-focused,Message,true,2023-07-29,11:03
46,702,659,benchmark,Story,false,2023-06-05,16:35
47,465,827,Extended,Message,false,2023-03-01,4:47
48,147,189,background,Story,true,2024-01-15,11:06
49,650,13,mission-critical,Story,true,2023-01-03,2:59
50,979,562,methodical,Story,false,2023-02-03,14:10
51,46,216,non-volatile,Message,true,2023-04-08,22:43
52,500,969,Grass-roots,Story,true,2023-02-09,15:38
53,121,552,Focused,Message,true,2023-03-15,1:03
54,854,958,database,Story,false,2023-08-18,0:53
55,361,940,Synergistic,Story,true,2023-12-13,13:18
56,368,231,alliance,Story,true,2023-01-30,3:32
57,422,288,extranet,Story,true,2023-10-06,2:10
58,17,112,disintermediate,Story,true,2023-02-05,9:32
59,950,800,support,Message,true,2023-08-31,6:30
60,970,832,intangible,Message,true,2023-01-12,3:58
61,219,865,full-range,Story,false,2023-12-11,13:19
62,417,722,Multi-lateral,Story,true,2024-01-05,2:23
63,810,731,monitoring,Message,true,2023-11-08,20:04
64,757,21,Cross-group,Story,false,2024-01-10,19:31
65,546,207,upward-trending,Message,true,2023-07-06,1:41
66,288,876,Inverse,Story,true,2023-12-05,17:04
67,554,693,Down-sized,Story,true,2023-08-31,0:55
68,603,246,Triple-buffered,Message,true,2024-02-23,4:52
69,963,390,hardware,Message,true,2023-12-19,13:15
70,799,476,non-volatile,Message,false,2023-10-31,10:47
71,29,927,Distributed,Story,false,2023-05-10,5:36
72,499,804,Enterprise-wide,Story,false,2023-03-08,12:04
73,160,609,access,Message,false,2023-12-12,6:26
74,9,496,Focused,Story,true,2023-10-10,14:49
75,123,905,exuding,Story,false,2023-12-13,12:32
76,279,604,national,Story,true,2023-05-16,20:32
77,827,422,tangible,Story,true,2023-10-02,8:14
78,946,131,focus group,Story,false,2023-08-31,15:33
79,416,28,hub,Message,true,2023-12-20,0:19
80,93,795,context-sensitive,Story,false,2023-02-03,18:20
81,887,165,definition,Story,false,2024-01-21,23:32
82,881,373,Face to face,Message,true,2023-11-13,20:14
83,47,280,Profit-focused,Story,false,2023-01-04,16:20
84,532,95,upward-trending,Story,true,2023-08-10,2:18
85,966,415,upward-trending,Story,false,2023-11-21,7:41
86,812,134,zero defect,Story,false,2023-05-22,7:14
87,383,339,solution-oriented,Story,false,2023-05-02,5:30
88,901,131,support,Message,false,2023-07-04,8:37
89,585,973,Monitored,Message,false,2023-01-10,3:05
90,242,255,next generation,Story,true,2023-11-11,8:09
91,929,52,help-desk,Story,true,2023-07-21,22:00
92,980,580,motivating,Story,false,2023-06-11,22:30
93,580,185,Upgradable,Story,false,2023-03-26,7:57
94,310,785,Cross-platform,Message,true,2023-07-02,13:21
95,693,18,encompassing,Message,true,2023-11-21,23:43
96,370,355,hub,Story,false,2023-12-13,17:58
97,432,494,neutral,Message,false,2023-07-22,16:29
98,868,79,groupware,Story,true,2023-02-18,17:47
99,444,927,synergy,Story,true,2023-05-09,22:01
100,150,123,background,Message,false,2023-12-06,18:44
101,760,185,interactive,Message,true,2023-03-23,17:55
102,154,735,Inverse,Story,true,2023-03-07,14:06
103,823,955,Mandatory,Story,false,2023-03-15,15:48
104,940,625,attitude,Message,false,2023-12-10,22:30
105,274,414,standardization,Message,true,2023-09-28,21:39
106,583,952,Multi-channelled,Message,true,2023-03-31,2:01
107,706,966,stable,Story,true,2023-11-08,1:48
108,933,634,Horizontal,Story,true,2024-01-08,22:20
109,169,526,Networked,Story,true,2024-02-10,1:19
110,256,178,transitional,Message,true,2023-09-10,19:11
111,390,181,Organic,Message,false,2023-10-31,16:08
112,922,205,groupware,Story,true,2023-04-15,22:15
113,3,146,transitional,Story,false,2023-10-07,17:53
114,253,642,data-warehouse,Story,true,2023-01-31,3:53
115,600,964,holistic,Story,false,2023-07-12,12:57
116,334,233,eco-centric,Story,false,2023-06-15,1:48
117,688,437,process improvement,Story,true,2023-02-11,2:10
118,777,937,fault-tolerant,Message,false,2023-03-01,2:59
119,253,375,attitude-oriented,Story,true,2023-12-10,12:31
120,703,41,Visionary,Message,false,2023-06-15,0:07
121,693,134,holistic,Message,true,2023-11-12,20:40
122,283,921,leading edge,Story,false,2023-04-17,0:47
123,764,758,Decentralized,Story,true,2023-04-22,9:43
124,956,697,algorithm,Story,false,2023-07-03,21:27
125,146,681,Multi-layered,Story,true,2023-04-11,8:12
126,388,306,Operative,Story,false,2023-02-22,21:48
127,525,486,Devolved,Message,false,2023-09-23,8:24
128,58,44,analyzing,Message,false,2023-02-04,8:10
129,198,772,multi-tasking,Message,true,2023-03-15,8:48
130,125,8,foreground,Story,true,2023-08-14,15:54
131,808,73,Diverse,Message,true,2023-06-30,23:15
132,291,304,conglomeration,Message,true,2024-02-10,9:55
133,166,527,well-modulated,Message,false,2023-07-26,9:21
134,954,412,customer loyalty,Story,false,2024-02-03,16:19
135,886,20,even-keeled,Message,false,2023-01-13,14:56
136,727,882,Proactive,Story,true,2023-08-12,17:34
137,936,725,Reduced,Story,true,2023-03-06,21:56
138,676,724,complexity,Message,true,2023-03-28,8:54
139,968,26,support,Message,false,2023-08-14,17:16
140,727,424,Programmable,Story,true,2023-07-07,20:43
141,807,883,Sharable,Story,false,2023-01-03,5:03
142,834,979,incremental,Story,true,2023-02-03,6:25
143,788,50,infrastructure,Message,false,2023-02-01,10:41
144,602,324,Decentralized,Story,true,2023-10-09,8:38
145,995,732,Graphical User Interface,Message,false,2023-12-10,5:31
146,911,761,Re-contextualized,Message,false,2023-11-15,12:38
147,260,791,Persevering,Story,false,2023-07-08,10:37
148,895,123,next generation,Story,true,2023-05-17,1:29
149,69,489,asymmetric,Story,false,2024-02-03,20:18
150,671,796,Operative,Story,false,2024-02-21,21:35
151,317,827,Switchable,Story,false,2024-01-17,17:59
152,703,49,Adaptive,Story,false,2023-06-17,1:42
153,837,903,web-enabled,Message,false,2023-12-06,19:23
154,176,575,Programmable,Story,false,2023-11-27,18:06
155,240,176,throughput,Story,false,2023-03-09,0:58
156,167,746,leverage,Message,false,2024-02-22,13:24
157,442,64,Graphic Interface,Story,true,2024-02-05,5:05
158,730,415,protocol,Message,true,2023-08-24,8:26
159,409,438,Persevering,Story,false,2023-02-09,7:04
160,661,142,Expanded,Message,true,2023-05-03,23:15
161,39,925,portal,Message,false,2023-04-03,15:27
162,194,316,Optional,Story,true,2023-06-20,9:27
163,998,920,asynchronous,Story,false,2023-03-12,8:04
164,254,875,collaboration,Message,false,2024-02-16,0:10
165,998,862,Upgradable,Story,true,2023-05-03,22:53
166,931,966,throughput,Message,false,2023-02-20,9:54
167,219,126,Cross-platform,Message,true,2023-07-06,17:34
168,539,627,global,Message,true,2023-07-16,14:46
169,925,965,Graphical User Interface,Story,false,2024-01-19,8:44
170,288,744,needs-based,Message,true,2023-01-24,4:15
171,933,96,knowledge base,Message,false,2023-05-27,0:04
172,717,794,service-desk,Message,true,2023-08-07,3:14
173,100,166,Organic,Story,true,2023-12-31,12:07
174,736,810,Versatile,Story,true,2023-05-22,0:52
175,805,999,Progressive,Story,true,2023-07-05,3:16
176,721,992,Face to face,Story,true,2024-01-06,8:48
177,975,422,attitude-oriented,Story,true,2023-02-27,20:03
178,228,257,Synergistic,Message,true,2023-03-02,7:50
179,196,364,functionalities,Message,true,2023-06-07,19:39
180,6,508,architecture,Message,true,2023-02-04,10:39
181,536,664,Universal,Story,true,2023-10-21,6:14
182,555,695,incremental,Story,false,2023-11-11,16:47
183,15,722,Optimized,Story,true,2023-07-13,6:17
184,610,979,Switchable,Story,true,2023-04-26,8:42
185,800,418,data-warehouse,Message,true,2023-02-20,17:38
186,333,401,capability,Story,false,2023-08-23,13:42
187,867,710,holistic,Story,true,2023-09-05,6:12
188,984,986,policy,Story,true,2023-04-15,2:46
189,287,584,background,Story,false,2024-02-14,8:13
190,864,416,homogeneous,Story,false,2023-07-19,4:55
191,533,917,Centralized,Story,true,2023-10-08,13:13
192,76,623,didactic,Story,false,2023-09-25,10:08
193,482,827,didactic,Story,false,2023-07-08,13:29
194,831,672,conglomeration,Story,true,2023-08-27,1:44
195,685,403,hybrid,Story,true,2024-02-18,17:03
196,981,981,3rd generation,Message,true,2023-06-18,13:07
197,346,863,analyzing,Message,false,2023-01-01,23:32
198,491,108,Synergistic,Message,true,2023-10-11,23:10
199,797,41,leverage,Story,true,2023-12-04,2:26
200,606,492,leverage,Story,true,2023-05-04,5:10
201,66,714,Profit-focused,Story,false,2023-12-07,11:13
202,847,869,secondary,Message,false,2023-11-19,12:24
203,413,968,Multi-lateral,Message,false,2023-12-16,16:53
204,943,915,Monitored,Story,true,2023-11-25,22:59
205,945,364,user-facing,Story,false,2023-11-25,3:00
206,172,571,attitude-oriented,Message,true,2023-02-17,15:10
207,834,744,Automated,Message,true,2023-11-18,16:14
208,663,926,Operative,Message,true,2024-01-11,3:44
209,794,40,Decentralized,Message,false,2023-01-23,10:57
210,244,437,Face to face,Story,true,2023-04-16,6:48
211,895,487,non-volatile,Message,false,2023-07-27,22:16
212,225,356,directional,Message,true,2024-02-03,11:59
213,175,855,analyzer,Message,false,2023-12-22,14:07
214,895,353,grid-enabled,Message,false,2024-01-14,15:07
215,599,419,static,Message,true,2023-12-22,22:54
216,353,720,attitude,Message,true,2023-10-01,10:19
217,857,793,emulation,Story,true,2023-06-09,11:14
218,691,828,3rd generation,Message,false,2023-07-15,5:33
219,37,814,client-driven,Story,false,2023-08-03,14:18
220,440,731,standardization,Message,false,2023-08-24,5:49
221,767,840,didactic,Story,false,2024-02-04,18:39
222,568,481,encompassing,Message,false,2023-12-03,12:40
223,292,967,concept,Message,true,2023-05-02,10:20
224,41,509,open architecture,Story,true,2023-11-24,11:16
225,916,930,support,Story,false,2023-07-12,2:32
226,250,368,Open-source,Message,false,2023-03-27,14:26
227,888,772,hybrid,Message,false,2023-06-10,5:34
228,855,687,Configurable,Story,true,2023-05-28,4:10
229,722,843,policy,Story,false,2023-10-13,22:55
230,352,771,Multi-lateral,Story,false,2023-08-03,7:56
231,613,769,Secured,Story,true,2023-07-14,5:01
232,439,656,software,Story,true,2023-07-17,22:40
233,891,552,tangible,Story,false,2023-06-08,3:34
234,920,89,Switchable,Story,true,2023-09-16,3:26
235,476,597,groupware,Story,true,2023-11-22,18:54
236,69,570,forecast,Message,true,2023-11-23,15:45
237,40,216,mission-critical,Story,false,2023-12-23,6:52
238,603,768,actuating,Message,true,2023-07-12,2:39
239,617,274,encryption,Story,false,2023-03-31,19:24
240,752,978,Profit-focused,Story,true,2023-09-07,21:47
241,902,665,ability,Message,false,2023-02-12,22:39
242,391,850,Persevering,Story,false,2024-01-18,18:41
243,406,227,optimizing,Story,true,2023-07-16,6:55
244,411,469,Innovative,Story,true,2023-07-04,4:55
245,286,26,foreground,Message,true,2024-01-26,2:07
246,136,948,Stand-alone,Message,false,2023-07-06,5:36
247,292,534,clear-thinking,Message,true,2023-01-14,7:42
248,580,314,high-level,Story,false,2024-01-06,9:46
249,743,499,directional,Story,true,2023-12-28,10:09
250,741,802,system engine,Story,true,2023-09-06,4:29
251,444,617,infrastructure,Message,true,2023-01-09,6:37
252,714,888,6th generation,Message,false,2024-02-06,2:57
253,128,19,Right-sized,Story,true,2023-02-09,7:42
254,545,316,flexibility,Message,false,2023-10-12,12:30
255,171,694,Cross-platform,Story,true,2023-04-04,4:54
256,138,787,analyzer,Message,false,2023-10-11,3:52
257,266,53,Phased,Story,true,2023-10-03,0:53
258,379,824,zero defect,Message,false,2023-09-02,3:51
259,862,251,uniform,Story,true,2023-08-10,16:02
260,246,224,Down-sized,Story,false,2023-10-04,12:35
261,631,365,composite,Message,true,2023-03-09,7:32
262,298,54,website,Message,false,2023-03-17,10:13
263,624,862,system engine,Story,true,2023-09-10,2:21
264,752,279,extranet,Story,true,2024-02-24,2:12
265,919,972,Vision-oriented,Message,false,2024-02-12,23:32
266,740,62,complexity,Story,false,2024-02-05,17:18
267,925,49,Secured,Story,false,2023-11-09,4:27
268,546,825,Managed,Message,false,2024-01-08,21:24
269,731,149,Sharable,Story,false,2023-03-26,23:13
270,698,450,Automated,Message,false,2024-01-04,14:23
271,574,582,neutral,Story,false,2023-04-23,4:08
272,956,680,firmware,Message,true,2023-11-16,23:06
273,556,495,Virtual,Story,false,2023-01-20,8:41
274,59,646,systemic,Story,true,2023-02-09,13:15
275,932,828,Digitized,Story,true,2023-09-30,18:41
276,330,446,Profit-focused,Message,false,2023-10-09,14:50
277,548,878,stable,Story,true,2023-07-07,6:47
278,439,944,success,Story,true,2023-12-03,12:40
279,714,861,Assimilated,Story,true,2023-06-14,20:07
280,847,314,Cloned,Story,false,2023-04-17,14:59
281,277,930,support,Message,false,2023-02-07,20:04
282,654,69,Open-source,Message,false,2023-10-13,14:16
283,205,806,Intuitive,Story,true,2024-01-28,20:52
284,34,882,Sharable,Message,true,2023-10-31,14:56
285,776,279,Phased,Story,true,2023-03-07,8:48
286,737,47,real-time,Message,true,2023-01-31,8:04
287,968,866,Function-based,Story,false,2023-10-04,13:44
288,34,286,intermediate,Story,false,2023-10-31,15:05
289,930,581,exuding,Story,true,2023-05-23,15:43
290,306,594,Profit-focused,Message,true,2023-01-08,15:57
291,141,215,maximized,Story,false,2023-10-24,7:35
292,2,843,monitoring,Message,false,2023-01-23,0:40
293,487,741,focus group,Story,true,2023-03-24,6:23
294,677,109,mission-critical,Message,false,2023-09-06,15:06
295,186,843,Optimized,Story,true,2023-11-17,23:47
296,138,46,array,Story,true,2023-10-30,0:38
297,51,530,adapter,Message,true,2023-04-09,19:15
298,299,646,Configurable,Message,false,2023-12-05,19:16
299,794,182,initiative,Message,true,2023-03-26,13:20
300,298,183,24 hour,Story,true,2023-08-18,5:23
301,685,223,algorithm,Message,false,2024-01-31,23:51
302,316,41,adapter,Message,true,2024-02-13,19:02
303,973,74,Exclusive,Story,false,2024-01-02,17:08
304,572,458,neutral,Story,true,2024-01-27,5:22
305,145,36,Programmable,Message,false,2023-04-08,2:36
306,323,211,optimizing,Story,true,2023-02-15,3:35
307,378,479,moratorium,Story,true,2023-06-18,22:02
308,681,359,Customer-focused,Story,true,2024-01-07,18:15
309,82,687,systematic,Story,false,2023-02-02,22:23
310,560,776,Enhanced,Message,false,2023-02-08,13:38
311,822,995,support,Message,true,2023-07-08,11:45
312,47,724,exuding,Message,false,2023-07-12,8:05
313,821,813,middleware,Message,false,2023-06-17,19:07
314,536,615,Proactive,Story,false,2023-08-23,19:10
315,792,173,cohesive,Story,true,2023-03-31,21:55
316,393,124,solution-oriented,Message,false,2023-05-20,13:28
317,593,830,Fully-configurable,Message,true,2023-01-18,5:43
318,300,316,Focused,Story,true,2023-01-18,6:47
319,457,148,forecast,Story,true,2023-06-19,21:55
320,11,492,intermediate,Story,false,2023-08-17,9:27
321,375,296,Stand-alone,Story,false,2023-04-01,14:50
322,507,802,internet solution,Message,false,2023-07-08,14:48
323,87,438,emulation,Story,true,2023-10-05,0:59
324,345,508,Multi-tiered,Story,false,2023-07-23,1:22
325,137,13,intangible,Story,true,2023-06-17,1:16
326,738,565,model,Message,false,2023-01-22,12:41
327,177,123,Function-based,Message,true,2023-09-01,16:39
328,777,155,superstructure,Story,false,2023-12-14,18:14
329,770,730,benchmark,Message,true,2023-12-15,1:35
330,484,912,non-volatile,Message,false,2024-01-17,7:31
331,257,213,knowledge base,Story,true,2023-07-10,1:22
332,73,704,6th generation,Story,true,2023-07-18,21:02
333,390,551,Implemented,Story,false,2023-05-27,14:57
334,182,277,Programmable,Story,true,2023-04-05,23:10
335,593,108,composite,Story,false,2023-04-27,20:02
336,101,219,modular,Message,true,2023-08-03,12:46
337,473,306,motivating,Story,false,2023-06-18,18:08
338,666,170,Digitized,Message,true,2024-02-20,21:01
339,742,561,framework,Message,true,2023-10-20,5:27
340,321,700,utilisation,Story,true,2023-06-14,6:17
341,136,218,optimizing,Story,false,2023-11-06,0:05
342,172,565,Devolved,Message,false,2023-06-14,8:34
343,285,527,moratorium,Message,true,2023-04-17,17:19
344,536,364,24/7,Story,true,2023-02-18,3:14
345,86,146,project,Message,true,2023-11-15,2:47
346,841,904,intranet,Story,true,2023-03-18,9:28
347,908,203,uniform,Story,false,2023-01-31,6:02
348,947,679,upward-trending,Message,false,2023-11-13,7:31
349,703,468,impactful,Message,true,2023-01-13,20:11
350,399,917,hardware,Story,true,2023-03-17,21:36
351,613,361,asymmetric,Message,true,2023-09-03,12:02
352,184,976,full-range,Message,false,2023-11-11,15:24
353,963,249,24 hour,Message,false,2024-01-20,15:34
354,573,885,Streamlined,Story,false,2023-11-18,17:17
355,497,333,asynchronous,Story,false,2023-08-10,20:03
356,774,185,Networked,Message,true,2023-03-13,10:14
357,522,459,Proactive,Story,false,2023-01-09,9:42
358,378,158,needs-based,Story,false,2023-09-13,13:12
359,922,468,firmware,Message,false,2023-11-24,5:13
360,943,362,Adaptive,Message,true,2023-09-21,11:44
361,934,215,attitude,Story,true,2023-03-10,11:51
362,839,637,solution,Message,true,2023-05-14,17:06
363,77,432,utilisation,Message,false,2023-01-07,17:24
364,780,458,Profit-focused,Message,false,2023-05-11,10:22
365,779,15,utilisation,Story,true,2023-11-26,20:41
366,565,419,structure,Message,false,2023-04-26,18:49
367,748,43,Organized,Story,true,2023-10-26,1:35
368,132,486,complexity,Story,true,2023-09-25,7:15
369,250,155,leading edge,Message,true,2024-02-17,5:38
370,116,564,approach,Story,true,2023-05-15,7:36
371,202,893,hierarchy,Story,false,2023-01-17,0:58
372,602,144,Open-architected,Message,false,2023-01-09,22:28
373,108,239,stable,Message,true,2023-05-05,13:53
374,786,488,systemic,Message,false,2023-08-01,23:37
375,945,748,modular,Message,true,2023-11-03,2:31
376,595,463,service-desk,Story,false,2024-01-15,4:06
377,884,941,explicit,Message,true,2023-03-18,10:43
378,207,826,client-driven,Message,false,2024-02-23,19:23
379,396,147,exuding,Story,true,2023-09-15,1:20
380,272,526,real-time,Message,true,2023-01-27,14:26
381,951,482,function,Message,false,2023-09-29,7:20
382,724,659,neutral,Story,true,2023-11-15,10:55
383,917,589,Organized,Story,true,2023-01-06,1:48
384,887,545,multimedia,Message,true,2023-09-21,8:00
385,452,994,Customer-focused,Story,true,2023-10-09,14:20
386,683,2,application,Story,true,2023-09-13,11:17
387,50,224,Fully-configurable,Message,true,2024-02-14,9:58
388,873,189,eco-centric,Story,false,2023-05-17,9:57
389,221,302,Streamlined,Message,true,2023-12-26,18:58
390,462,986,Optional,Story,true,2023-06-15,18:43
391,485,631,algorithm,Story,true,2023-06-04,3:23
392,605,838,holistic,Message,true,2024-01-01,0:18
393,736,344,Streamlined,Story,false,2023-09-17,12:13
394,955,66,Organic,Message,false,2024-01-18,2:55
395,742,431,customer loyalty,Story,true,2023-08-25,22:43
396,779,14,Open-architected,Message,true,2024-02-10,19:28
397,11,289,capability,Story,false,2023-04-07,20:44
398,427,700,Advanced,Story,false,2023-03-01,11:59
399,952,575,systemic,Message,false,2023-05-15,9:23
400,149,35,Advanced,Story,true,2023-09-20,7:48
401,778,44,4th generation,Message,false,2023-10-20,10:55
402,276,90,24 hour,Message,false,2023-08-22,12:27
403,199,323,responsive,Message,true,2023-05-21,11:03
404,320,435,24 hour,Story,true,2023-07-22,19:32
405,32,512,even-keeled,Story,false,2023-10-22,8:33
406,474,288,dynamic,Message,true,2023-02-09,2:58
407,909,525,mobile,Story,false,2023-08-22,9:45
408,704,251,dedicated,Message,false,2023-03-04,4:31
409,333,347,Optimized,Message,false,2023-06-15,4:32
410,93,394,software,Story,false,2023-08-30,18:17
411,467,367,transitional,Message,true,2023-06-01,22:15
412,341,434,homogeneous,Message,false,2023-12-31,13:15
413,778,738,executive,Story,true,2023-02-12,2:14
414,958,218,Monitored,Story,false,2023-09-16,19:55
415,965,357,moderator,Story,true,2023-11-04,8:17
416,385,882,Graphic Interface,Story,true,2024-01-05,10:12
417,330,688,Advanced,Message,false,2023-06-27,14:04
418,560,472,contingency,Message,false,2024-02-13,23:53
419,943,271,multi-state,Message,false,2023-01-06,4:36
420,782,794,Organic,Message,false,2023-10-20,19:37
421,464,395,Re-contextualized,Message,true,2023-09-04,21:41
422,308,605,Phased,Story,true,2023-12-28,5:46
423,457,190,internet solution,Message,false,2023-12-15,20:43
424,530,637,real-time,Message,false,2023-07-01,8:38
425,212,326,analyzer,Story,false,2023-05-06,17:51
426,996,220,frame,Story,true,2023-01-02,12:36
427,288,358,methodical,Story,false,2023-01-21,16:23
428,928,981,support,Story,false,2024-01-02,0:02
429,409,782,budgetary management,Story,false,2023-03-11,10:29
430,5,951,parallelism,Message,true,2023-01-01,22:39
431,530,913,Right-sized,Message,true,2023-11-18,22:36
432,958,303,conglomeration,Story,false,2023-10-19,18:12
433,133,856,website,Message,true,2023-02-28,6:52
434,297,561,asymmetric,Message,false,2023-02-15,15:37
435,203,913,Synergized,Story,false,2023-11-21,7:18
436,621,567,Fundamental,Story,true,2023-01-13,5:19
437,211,815,knowledge base,Message,false,2023-02-26,8:37
438,600,353,Business-focused,Message,true,2024-02-24,21:31
439,69,540,Customer-focused,Message,false,2023-11-20,0:18
440,574,13,adapter,Message,false,2023-09-23,20:03
441,183,998,policy,Story,false,2023-05-12,0:12
442,54,450,Graphical User Interface,Message,true,2023-06-28,18:26
443,708,434,Graphical User Interface,Message,true,2023-04-14,2:01
444,834,265,projection,Story,true,2023-04-03,7:34
445,333,982,Secured,Message,true,2023-08-05,14:44
446,531,198,directional,Story,false,2023-10-27,14:37
447,209,846,migration,Message,false,2023-05-22,9:02
448,27,110,Distributed,Message,true,2024-01-16,6:54
449,325,968,Profound,Message,false,2023-07-21,22:59
450,441,880,complexity,Message,true,2024-02-12,9:41
451,965,597,asynchronous,Story,true,2023-07-11,13:09
452,658,774,benchmark,Story,false,2023-03-10,18:59
453,100,737,zero administration,Story,false,2024-02-18,6:03
454,216,128,Inverse,Story,false,2023-12-03,6:35
455,207,897,bandwidth-monitored,Story,false,2024-02-01,19:26
456,757,693,intangible,Story,true,2023-12-30,18:54
457,881,173,Ergonomic,Message,true,2024-02-08,3:09
458,860,722,archive,Story,true,2023-07-21,15:04
459,643,383,system-worthy,Story,true,2023-04-02,16:49
460,152,948,background,Story,true,2024-01-31,12:01
461,666,941,Integrated,Story,true,2023-11-06,8:52
462,254,469,User-friendly,Story,false,2023-05-24,4:07
463,458,646,functionalities,Message,false,2023-06-09,16:12
464,762,679,fault-tolerant,Message,true,2023-01-01,17:00
465,659,274,methodical,Story,false,2023-10-30,8:42
466,547,42,data-warehouse,Story,true,2024-01-10,3:38
467,604,506,Networked,Message,false,2023-06-03,10:25
468,320,343,Object-based,Message,true,2023-05-16,5:35
469,989,981,Re-contextualized,Story,false,2023-12-15,1:31
470,94,64,info-mediaries,Story,true,2023-03-03,4:46
471,465,883,Ergonomic,Story,false,2023-01-31,17:58
472,639,138,Virtual,Message,true,2023-05-22,10:44
473,348,219,definition,Story,true,2023-05-19,16:28
474,536,350,functionalities,Story,false,2023-09-15,10:50
475,199,592,modular,Message,true,2023-05-24,2:18
476,469,903,Innovative,Message,true,2023-12-18,9:10
477,721,949,uniform,Story,true,2023-04-13,0:56
478,491,387,Managed,Message,false,2023-11-15,16:11
479,913,938,Pre-emptive,Message,true,2023-05-01,8:45
480,828,193,challenge,Story,false,2023-12-31,5:56
481,204,419,didactic,Message,true,2023-07-31,9:13
482,939,376,capability,Message,true,2024-01-20,0:27
483,770,617,coherent,Message,true,2023-12-20,17:19
484,616,608,upward-trending,Message,true,2024-02-14,2:06
485,609,605,Extended,Story,false,2023-08-09,2:15
486,533,182,service-desk,Message,false,2023-09-15,23:25
487,688,656,content-based,Story,false,2023-06-05,21:03
488,789,304,hierarchy,Story,true,2023-02-25,17:10
489,974,51,Team-oriented,Message,false,2023-03-15,21:41
490,372,413,support,Story,true,2023-05-15,3:46
491,988,69,national,Message,false,2024-01-25,10:27
492,520,429,Programmable,Story,true,2023-08-20,19:07
493,903,441,Decentralized,Message,true,2024-02-18,19:25
494,549,135,Automated,Story,false,2023-06-15,10:48
495,899,798,open system,Story,true,2023-12-19,22:15
496,454,812,matrix,Story,true,2023-11-08,4:42
497,160,446,local,Story,false,2023-02-02,23:05
498,294,497,Streamlined,Story,false,2023-08-23,23:11
499,241,936,Reverse-engineered,Message,true,2023-02-16,8:51
500,451,792,hub,Message,true,2023-12-31,21:32
501,879,275,policy,Message,false,2023-08-30,1:11
502,721,149,product,Message,false,2023-08-16,7:32
503,313,670,responsive,Story,true,2023-01-26,15:14
504,42,32,secondary,Message,true,2023-08-04,17:15
505,968,794,algorithm,Message,true,2023-11-26,19:53
506,302,32,encompassing,Message,false,2023-03-30,12:52
507,369,405,forecast,Story,false,2023-05-07,11:55
508,732,366,ability,Story,false,2023-02-03,13:27
509,135,447,hub,Story,false,2023-10-13,0:39
510,388,543,executive,Message,false,2023-01-31,0:48
511,67,584,logistical,Message,false,2023-04-20,18:07
512,319,623,homogeneous,Message,false,2023-12-26,1:25
513,313,957,process improvement,Message,true,2023-04-22,23:43
514,738,467,Stand-alone,Story,true,2023-06-27,15:08
515,458,286,Decentralized,Story,false,2023-11-24,5:14
516,137,572,Enterprise-wide,Story,false,2023-11-27,3:12
517,903,148,Graphical User Interface,Story,true,2024-01-01,15:21
518,590,160,static,Message,true,2023-04-18,21:41
519,875,622,zero defect,Story,false,2023-05-09,6:15
520,863,656,pricing structure,Message,false,2023-03-30,23:06
521,556,559,Graphical User Interface,Story,false,2023-05-15,0:56
522,717,207,Networked,Message,false,2023-03-30,23:26
523,982,821,toolset,Message,false,2023-04-06,0:28
524,852,564,scalable,Message,true,2023-03-02,1:13
525,732,553,portal,Message,true,2023-04-17,5:52
526,884,260,Cloned,Story,true,2023-04-20,18:16
527,330,829,throughput,Message,true,2024-01-17,12:14
528,401,302,analyzer,Message,false,2023-08-12,12:25
529,831,250,Persevering,Story,false,2023-06-20,22:11
530,53,267,Front-line,Message,true,2023-07-15,10:02
531,488,589,regional,Message,true,2024-02-09,19:46
532,370,492,system-worthy,Story,true,2023-05-29,4:54
533,561,718,bifurcated,Story,true,2023-07-26,9:55
534,217,785,composite,Story,false,2023-04-29,1:45
535,17,277,interface,Story,false,2023-08-09,19:41
536,572,963,Intuitive,Message,true,2024-01-12,9:21
537,247,310,interface,Story,true,2023-05-11,9:45
538,776,800,Re-contextualized,Message,false,2023-03-29,9:35
539,773,555,demand-driven,Story,true,2023-12-09,6:03
540,576,752,foreground,Message,false,2023-11-12,9:53
541,923,710,Adaptive,Message,false,2023-06-13,13:23
542,724,748,open architecture,Story,true,2023-01-18,15:16
543,665,111,Total,Message,false,2023-01-29,22:56
544,970,960,process improvement,Story,true,2023-08-31,18:01
545,205,87,local,Message,true,2023-09-27,4:11
546,7,825,Re-contextualized,Story,false,2023-12-08,1:06
547,350,991,Persevering,Story,false,2023-09-21,3:36
548,376,33,impactful,Message,false,2023-10-17,12:25
549,268,304,motivating,Message,true,2023-12-05,8:57
550,411,683,uniform,Story,true,2023-01-28,19:50
551,441,525,client-server,Message,false,2023-03-31,20:46
552,596,229,moderator,Message,true,2023-04-18,2:23
553,147,74,toolset,Story,true,2023-04-28,10:24
554,908,426,hub,Message,false,2023-10-01,22:24
555,196,556,Integrated,Message,true,2024-01-06,4:01
556,532,497,data-warehouse,Story,false,2023-07-09,23:43
557,822,748,paradigm,Message,false,2023-09-07,8:05
558,282,910,contingency,Story,true,2023-09-17,3:09
559,570,152,Organic,Message,true,2023-04-13,12:46
560,418,574,definition,Story,true,2023-02-18,22:37
561,188,558,Graphic Interface,Message,false,2023-02-11,7:57
562,615,135,encryption,Story,false,2023-09-02,21:52
563,518,118,core,Story,false,2023-03-11,3:32
564,529,267,Ameliorated,Story,true,2023-11-26,5:34
565,218,829,analyzer,Story,false,2023-08-04,2:48
566,420,29,productivity,Message,true,2023-04-03,8:07
567,616,628,circuit,Story,true,2023-08-03,13:41
568,579,86,hardware,Message,false,2023-04-22,6:20
569,13,669,De-engineered,Message,false,2024-01-04,17:43
570,645,853,capability,Story,true,2023-12-06,6:32
571,580,171,Focused,Message,true,2023-03-17,1:37
572,515,213,Business-focused,Message,false,2023-06-15,10:33
573,624,292,bandwidth-monitored,Message,false,2023-03-10,2:31
574,198,697,exuding,Message,true,2023-11-09,21:08
575,215,98,analyzing,Story,false,2023-12-17,1:00
576,973,210,asynchronous,Message,false,2023-05-19,14:32
577,9,856,Programmable,Story,true,2023-08-29,4:36
578,470,253,upward-trending,Story,false,2023-06-28,18:43
579,747,502,Cloned,Story,false,2023-03-11,9:35
580,320,840,De-engineered,Message,false,2023-08-07,5:51
581,701,832,Switchable,Message,true,2023-02-17,4:11
582,434,286,asynchronous,Story,true,2023-01-23,2:24
583,836,884,scalable,Message,true,2023-09-29,21:01
584,964,656,Down-sized,Story,true,2024-01-19,15:25
585,81,974,Versatile,Story,true,2023-11-13,4:17
586,105,445,24/7,Story,false,2024-02-10,22:24
587,305,962,migration,Story,true,2023-06-10,14:32
588,40,902,local area network,Story,false,2023-03-10,13:51
589,59,478,Optional,Message,false,2023-08-28,13:36
590,148,15,maximized,Message,false,2023-03-22,21:57
591,962,463,Diverse,Message,true,2024-01-10,22:30
592,956,228,asynchronous,Story,false,2023-05-08,6:11
593,473,911,local,Story,false,2024-02-08,9:21
594,587,233,local area network,Message,false,2023-11-04,22:04
595,890,244,extranet,Story,false,2023-12-21,0:12
596,990,993,foreground,Story,true,2023-11-26,8:10
597,426,794,impactful,Story,true,2023-02-24,12:55
598,997,646,definition,Story,true,2023-08-24,11:20
599,893,835,groupware,Story,true,2023-10-14,11:46
600,572,212,reciprocal,Story,false,2023-04-11,8:33
601,84,406,actuating,Story,false,2024-02-12,1:06
602,464,645,Graphic Interface,Story,false,2023-09-03,8:27
603,833,748,portal,Story,true,2023-09-06,7:01
604,41,437,logistical,Message,false,2023-11-18,16:14
605,103,160,user-facing,Message,true,2023-10-06,21:08
606,806,643,composite,Message,false,2024-02-10,10:21
607,950,252,alliance,Story,true,2023-04-27,13:01
608,328,178,Synergistic,Message,true,2023-11-13,7:30
609,755,827,Triple-buffered,Message,true,2023-07-10,19:56
610,516,354,secured line,Story,true,2023-09-25,19:19
611,74,733,holistic,Message,false,2023-04-29,14:15
612,155,182,clear-thinking,Story,false,2023-11-23,4:14
613,946,384,client-driven,Story,true,2023-03-24,2:33
614,266,666,Polarised,Message,true,2023-04-09,20:29
615,929,148,algorithm,Story,true,2023-01-29,23:48
616,535,206,foreground,Story,false,2023-01-01,5:00
617,138,946,responsive,Message,false,2024-02-09,20:10
618,307,835,User-centric,Message,true,2023-06-01,10:59
619,926,954,local area network,Message,false,2023-04-21,5:31
620,297,306,Future-proofed,Story,false,2023-07-02,19:46
621,760,655,matrices,Story,false,2023-01-14,15:37
622,67,516,Devolved,Message,false,2023-01-04,13:59
623,106,617,firmware,Story,true,2023-11-15,23:57
624,882,523,intermediate,Message,true,2023-06-23,11:26
625,429,785,protocol,Message,true,2023-03-10,15:52
626,560,756,scalable,Message,true,2023-12-15,7:08
627,328,440,Quality-focused,Story,false,2024-01-27,12:44
628,67,333,array,Story,true,2023-06-30,0:56
629,723,824,projection,Story,false,2023-07-30,14:40
630,875,771,Assimilated,Message,true,2023-09-19,8:03
631,950,727,collaboration,Message,true,2023-08-17,16:22
632,541,217,Decentralized,Story,true,2023-11-26,7:29
633,421,936,conglomeration,Story,true,2023-02-18,22:48
634,906,796,archive,Message,true,2023-06-08,6:38
635,756,683,Sharable,Message,false,2024-01-23,21:40
636,700,759,demand-driven,Message,false,2023-05-10,5:12
637,963,708,open system,Story,false,2023-07-01,19:56
638,539,931,pricing structure,Story,false,2023-08-17,12:04
639,125,237,24/7,Story,false,2023-03-12,3:11
640,129,237,intranet,Message,true,2023-08-02,21:53
641,700,951,Self-enabling,Story,false,2023-07-14,12:57
642,751,89,open architecture,Story,false,2023-12-24,15:48
643,150,880,optimizing,Message,true,2023-05-08,7:47
644,51,962,model,Message,false,2023-06-05,0:37
645,355,359,Intuitive,Story,false,2023-08-18,10:39
646,457,3,fault-tolerant,Story,false,2023-09-11,14:22
647,306,562,throughput,Message,false,2023-06-08,1:42
648,162,564,full-range,Message,true,2023-01-16,15:05
649,901,295,frame,Story,false,2023-08-05,23:27
650,444,220,Re-engineered,Message,false,2023-05-26,3:39
651,332,868,moderator,Message,true,2023-08-22,8:05
652,971,866,Automated,Message,false,2023-11-18,6:19
653,640,398,Networked,Message,false,2023-12-24,18:03
654,586,474,Multi-layered,Message,false,2023-03-27,13:46
655,820,340,Re-contextualized,Story,false,2023-08-14,11:37
656,80,602,Versatile,Story,false,2023-09-11,9:53
657,104,639,foreground,Message,true,2023-02-02,19:00
658,576,265,budgetary management,Message,true,2023-10-23,19:25
659,253,587,even-keeled,Story,true,2023-03-02,1:31
660,532,644,content-based,Story,true,2023-09-16,13:23
661,204,51,project,Message,false,2023-04-23,7:57
662,502,929,matrices,Message,false,2023-11-19,21:57
663,970,429,Up-sized,Message,true,2023-10-09,7:01
664,430,854,interface,Story,false,2023-08-26,19:19
665,868,47,Inverse,Story,false,2023-10-12,8:51
666,236,231,hardware,Story,false,2023-09-21,11:37
667,531,82,incremental,Story,false,2023-02-02,14:16
668,138,226,implementation,Message,true,2023-02-19,18:51
669,765,559,contextually-based,Story,true,2023-07-24,2:03
670,552,419,bi-directional,Story,false,2023-10-27,14:37
671,164,41,Enterprise-wide,Message,true,2023-12-25,12:43
672,344,895,Front-line,Story,true,2023-02-19,20:54
673,511,31,Stand-alone,Message,true,2023-05-10,0:15
674,548,251,firmware,Story,true,2023-09-14,14:16
675,798,621,emulation,Story,true,2023-11-18,16:04
676,329,897,Quality-focused,Message,true,2023-10-26,23:34
677,627,170,capability,Story,true,2023-05-30,9:13
678,850,734,Sharable,Story,true,2023-11-25,0:07
679,501,129,strategy,Message,false,2023-01-02,19:05
680,926,924,bi-directional,Story,true,2023-02-04,6:26
681,890,491,collaboration,Story,false,2023-12-17,14:44
682,401,685,Visionary,Story,false,2023-09-09,13:57
683,559,314,capacity,Story,false,2023-04-12,8:29
684,769,43,bottom-line,Message,false,2024-01-01,1:14
685,468,466,intermediate,Story,false,2023-06-20,3:35
686,112,706,model,Message,true,2023-01-25,7:18
687,778,149,fault-tolerant,Message,false,2024-01-04,3:50
688,60,198,moratorium,Story,false,2023-08-07,16:56
689,300,857,Managed,Story,false,2023-06-02,0:42
690,994,325,protocol,Message,false,2023-06-29,6:35
691,295,458,web-enabled,Story,false,2023-12-18,2:24
692,925,928,collaboration,Message,true,2024-02-23,18:31
693,60,736,Intuitive,Message,true,2023-05-23,9:22
694,586,517,synergy,Story,true,2024-01-13,5:59
695,149,261,migration,Message,false,2023-02-08,4:42
696,254,961,time-frame,Message,false,2023-01-30,20:46
697,413,426,context-sensitive,Story,true,2023-07-13,2:45
698,705,715,success,Message,true,2023-07-22,0:52
699,5,91,process improvement,Message,false,2023-03-14,21:40
700,195,418,Operative,Message,false,2023-09-04,0:45
701,405,613,system-worthy,Story,true,2023-06-23,12:58
702,927,886,fresh-thinking,Message,true,2023-05-27,13:06
703,474,391,instruction set,Story,true,2023-09-25,19:33
704,210,605,Networked,Message,false,2023-01-12,11:32
705,861,915,Streamlined,Message,false,2023-04-23,2:19
706,531,407,context-sensitive,Message,true,2023-03-24,22:30
707,535,191,time-frame,Story,false,2023-05-27,0:22
708,721,309,attitude,Message,true,2023-01-15,10:08
709,194,373,eco-centric,Message,true,2023-08-05,16:30
710,84,731,coherent,Story,true,2023-02-22,6:36
711,682,585,national,Story,false,2023-07-07,8:35
712,98,899,Multi-channelled,Story,true,2023-11-03,20:45
713,334,514,Versatile,Story,true,2023-12-12,5:31
714,824,844,alliance,Message,false,2023-11-29,11:54
715,609,4,even-keeled,Message,false,2023-01-14,21:16
716,300,732,Intuitive,Message,true,2023-02-13,5:28
717,109,524,exuding,Story,false,2023-03-21,12:35
718,537,135,projection,Message,false,2023-04-24,1:22
719,931,71,matrices,Message,false,2023-06-11,9:37
720,691,132,collaboration,Story,true,2023-04-21,3:32
721,749,500,Monitored,Story,false,2023-03-11,8:50
722,95,59,multimedia,Message,true,2023-11-16,9:54
723,751,755,portal,Message,false,2023-05-03,11:38
724,95,95,parallelism,Story,true,2023-11-28,17:21
725,487,777,moderator,Story,false,2024-02-11,20:42
726,685,830,Realigned,Story,true,2023-11-22,18:39
727,314,749,time-frame,Message,true,2023-01-04,23:29
728,141,379,analyzing,Story,false,2023-09-19,0:10
729,645,919,Future-proofed,Story,false,2023-03-25,4:56
730,13,721,Streamlined,Message,false,2023-01-18,12:49
731,553,505,capacity,Story,false,2023-01-19,16:31
732,830,220,Versatile,Story,false,2023-08-04,6:40
733,613,269,motivating,Message,false,2023-09-08,11:55
734,440,110,6th generation,Story,true,2023-08-05,1:58
735,118,845,Triple-buffered,Message,false,2023-07-25,10:41
736,285,374,budgetary management,Story,true,2023-05-30,4:35
737,802,592,matrix,Story,true,2023-07-22,19:39
738,949,614,Programmable,Message,true,2023-05-15,23:10
739,391,841,multi-tasking,Message,false,2023-03-10,14:51
740,499,302,workforce,Story,false,2023-05-07,10:53
741,536,484,Stand-alone,Story,false,2023-06-21,9:38
742,112,652,De-engineered,Message,true,2023-09-10,19:38
743,136,647,multimedia,Message,true,2023-04-14,15:52
744,728,329,ability,Story,false,2023-03-27,21:42
745,23,422,Distributed,Message,true,2023-01-16,22:33
746,560,520,throughput,Message,true,2023-05-06,11:35
747,432,268,web-enabled,Message,false,2023-10-02,14:12
748,165,101,protocol,Story,false,2023-03-16,23:34
749,776,341,User-friendly,Message,true,2024-01-24,0:32
750,901,655,Synergized,Message,false,2023-08-05,5:16
751,831,186,customer loyalty,Story,true,2023-08-26,8:37
752,860,61,explicit,Message,false,2023-10-25,10:10
753,88,437,solution,Story,true,2023-02-25,4:37
754,887,221,Seamless,Message,false,2023-05-13,19:34
755,207,984,Right-sized,Story,true,2023-06-01,1:48
756,91,956,holistic,Story,true,2023-03-21,6:17
757,708,250,Configurable,Story,true,2023-11-13,23:12
758,796,175,Monitored,Message,false,2023-12-06,4:38
759,446,839,Decentralized,Story,false,2024-02-03,21:56
760,885,315,neutral,Message,false,2023-02-02,13:09
761,797,382,Balanced,Message,true,2023-12-20,21:34
762,121,623,superstructure,Message,true,2024-02-06,15:46
763,944,824,Reverse-engineered,Message,true,2023-08-29,14:30
764,378,989,Automated,Message,true,2023-02-20,15:37
765,65,556,infrastructure,Message,true,2024-02-10,7:17
766,373,714,4th generation,Message,true,2023-05-13,17:09
767,482,307,asynchronous,Story,false,2023-01-26,6:30
768,286,304,mobile,Message,true,2023-05-11,3:33
769,972,682,Secured,Message,true,2024-01-31,1:20
770,267,757,alliance,Story,true,2024-02-11,4:12
771,121,17,didactic,Story,true,2023-02-12,22:27
772,387,369,orchestration,Story,false,2023-04-13,23:06
773,755,143,Inverse,Message,true,2023-09-25,5:26
774,555,151,Triple-buffered,Story,true,2023-11-24,17:30
775,123,306,systematic,Story,false,2024-02-03,13:29
776,474,965,leverage,Message,false,2023-05-02,0:00
777,45,878,conglomeration,Story,true,2023-06-20,10:38
778,658,96,multi-tasking,Story,true,2023-08-22,12:44
779,995,258,secondary,Story,true,2023-11-09,19:55
780,588,45,tertiary,Message,true,2023-05-27,9:51
781,368,300,Decentralized,Story,true,2023-04-27,7:29
782,10,147,Total,Message,true,2023-04-30,10:44
783,289,167,function,Story,false,2023-06-07,9:38
784,580,593,process improvement,Message,true,2023-01-22,8:18
785,782,960,framework,Story,false,2023-10-13,7:40
786,245,548,solution,Story,false,2024-02-09,8:07
787,816,178,radical,Message,true,2023-05-17,1:13
788,486,192,modular,Message,false,2023-09-17,8:58
789,319,133,bi-directional,Story,true,2023-09-17,3:01
790,316,211,portal,Message,true,2023-05-17,2:02
791,260,812,intranet,Message,true,2023-05-07,13:49
792,818,34,Persistent,Story,true,2023-12-05,11:57
793,853,800,Enterprise-wide,Story,false,2023-08-10,1:43
794,957,111,methodology,Message,true,2023-01-27,7:24
795,257,928,Business-focused,Message,false,2024-02-13,13:38
796,566,138,flexibility,Story,true,2023-09-01,14:26
797,378,404,functionalities,Story,true,2023-06-02,4:25
798,993,979,eco-centric,Message,true,2023-02-01,0:17
799,127,925,maximized,Message,false,2024-01-01,16:13
800,832,625,archive,Story,true,2023-05-21,12:07
801,311,201,De-engineered,Message,false,2023-02-05,20:37
802,310,900,matrix,Story,true,2023-03-25,16:14
803,200,287,functionalities,Story,true,2023-02-04,2:08
804,870,495,Virtual,Story,false,2023-01-28,7:13
805,957,267,Streamlined,Message,false,2023-04-28,11:01
806,497,751,Persistent,Message,false,2024-01-21,16:18
807,631,55,radical,Message,true,2023-08-06,0:58
808,116,734,software,Story,false,2023-07-04,11:19
809,675,919,Balanced,Message,false,2023-08-03,2:02
810,803,385,intangible,Story,true,2023-03-04,1:41
811,800,75,multi-tasking,Message,false,2023-09-22,8:09
812,680,677,toolset,Message,true,2023-01-19,23:50
813,900,675,Diverse,Story,false,2023-05-13,7:49
814,553,42,Exclusive,Message,false,2023-10-18,16:24
815,790,487,Multi-channelled,Message,true,2023-12-06,15:46
816,93,82,data-warehouse,Story,false,2024-02-08,4:01
817,118,763,homogeneous,Message,true,2024-02-19,0:09
818,417,627,Customer-focused,Story,false,2023-07-28,3:32
819,827,188,Assimilated,Message,true,2023-09-30,14:51
820,491,924,Fundamental,Story,false,2023-07-11,19:52
821,307,506,Polarised,Story,false,2023-08-03,11:37
822,140,939,motivating,Message,true,2024-01-05,17:03
823,914,119,Front-line,Story,false,2023-11-23,19:17
824,454,283,Innovative,Message,false,2024-02-03,17:40
825,467,322,focus group,Message,false,2023-02-23,7:30
826,955,131,Reactive,Message,false,2023-02-11,13:30
827,130,941,multi-tasking,Message,false,2023-08-14,18:09
828,869,578,service-desk,Story,true,2023-07-30,22:34
829,719,718,foreground,Story,true,2024-01-14,19:50
830,775,468,matrices,Message,false,2023-12-16,17:38
831,924,586,global,Message,true,2024-02-24,14:12
832,184,390,implementation,Message,true,2023-12-02,13:40
833,184,701,core,Message,true,2023-12-21,19:37
834,502,353,Inverse,Story,false,2023-08-16,2:40
835,833,757,Extended,Story,true,2023-05-18,23:13
836,689,751,matrix,Story,true,2023-08-21,16:28
837,593,483,Grass-roots,Story,false,2024-02-24,4:08
838,717,223,focus group,Message,false,2023-09-17,14:43
839,603,599,Customizable,Message,true,2023-06-26,21:09
840,751,77,Cross-platform,Message,true,2023-07-25,18:21
841,696,760,Multi-layered,Message,true,2023-03-03,10:31
842,513,933,Visionary,Message,true,2023-07-12,15:32
843,670,805,clear-thinking,Story,true,2024-02-01,11:40
844,759,387,asymmetric,Message,false,2023-07-19,12:26
845,898,557,Polarised,Message,false,2023-04-06,14:30
846,58,686,instruction set,Story,false,2023-07-25,22:51
847,824,712,leverage,Message,true,2023-12-19,3:32
848,443,246,Implemented,Story,true,2023-08-27,14:12
849,647,834,Reverse-engineered,Story,false,2023-09-09,21:00
850,315,303,Persistent,Message,false,2023-03-28,18:34
851,556,226,User-friendly,Message,false,2023-03-12,13:14
852,676,143,task-force,Message,true,2023-12-14,8:33
853,208,538,policy,Message,true,2024-01-12,20:32
854,848,418,coherent,Message,true,2023-11-24,15:28
855,707,372,needs-based,Story,false,2024-01-16,18:45
856,893,756,Ameliorated,Story,false,2023-02-28,13:33
857,884,139,flexibility,Message,true,2023-05-04,11:03
858,788,759,incremental,Story,true,2024-01-26,4:38
859,201,571,tangible,Story,true,2023-08-19,21:51
860,66,284,Profit-focused,Story,true,2024-01-30,7:16
861,284,105,process improvement,Story,true,2024-01-18,10:16
862,803,202,optimizing,Story,false,2023-07-17,18:15
863,129,3,bi-directional,Message,true,2024-01-12,6:28
864,373,904,Face to face,Message,true,2023-12-14,13:51
865,34,167,next generation,Story,false,2024-01-25,11:58
866,815,929,ability,Story,true,2023-02-03,1:25
867,265,148,utilisation,Message,true,2023-02-15,7:12
868,240,801,infrastructure,Story,false,2023-01-30,8:23
869,59,622,Re-contextualized,Story,true,2023-05-29,18:23
870,111,274,policy,Message,true,2023-12-21,13:14
871,384,735,moderator,Message,false,2023-02-17,20:24
872,580,18,function,Story,true,2023-03-15,16:37
873,605,427,bi-directional,Message,true,2023-08-27,18:41
874,802,328,global,Story,false,2023-02-14,5:18
875,54,946,Ameliorated,Story,false,2023-08-15,14:28
876,353,859,parallelism,Message,true,2023-08-20,19:44
877,92,382,alliance,Message,false,2023-01-29,20:38
878,955,241,ability,Message,true,2023-06-18,8:30
879,727,649,Reduced,Story,false,2023-06-17,11:50
880,86,745,impactful,Message,true,2023-06-15,5:44
881,804,383,cohesive,Message,true,2023-03-27,15:54
882,537,660,Business-focused,Message,true,2023-03-18,1:54
883,237,208,Devolved,Message,false,2023-09-27,14:14
884,575,431,optimal,Story,false,2023-12-16,13:02
885,693,340,project,Story,true,2023-02-09,14:38
886,488,867,synergy,Message,true,2023-11-29,19:34
887,86,853,Reverse-engineered,Message,true,2023-08-09,2:52
888,978,562,Triple-buffered,Message,false,2023-10-15,1:38
889,433,444,uniform,Message,false,2023-01-11,1:57
890,658,527,executive,Message,true,2023-03-14,1:58
891,369,490,Secured,Message,false,2023-03-03,16:47
892,18,47,support,Story,false,2023-06-24,12:49
893,596,279,Reactive,Message,true,2023-01-14,13:29
894,121,651,Graphic Interface,Story,false,2023-05-27,18:39
895,219,710,bi-directional,Message,true,2023-06-05,3:14
896,461,338,client-server,Message,true,2023-02-13,13:57
897,402,390,system-worthy,Story,true,2023-05-04,9:27
898,172,294,Multi-tiered,Message,true,2023-04-08,9:34
899,728,534,process improvement,Story,true,2023-05-18,18:55
900,574,188,strategy,Story,false,2023-11-06,12:39
901,501,80,collaboration,Message,true,2023-02-15,4:30
902,985,446,secondary,Message,true,2023-03-13,0:32
903,46,429,parallelism,Message,true,2023-05-30,11:34
904,248,245,Multi-lateral,Message,false,2024-02-08,23:04
905,506,124,5th generation,Message,true,2023-06-15,2:09
906,157,751,Versatile,Message,false,2023-05-15,3:52
907,564,30,Fundamental,Story,true,2023-08-08,9:35
908,647,593,fresh-thinking,Story,true,2024-02-22,0:14
909,956,921,Stand-alone,Story,false,2023-12-17,16:35
910,523,816,Front-line,Story,true,2023-06-26,14:16
911,86,535,project,Story,true,2024-02-24,3:55
912,22,743,exuding,Message,false,2023-04-26,2:48
913,738,557,time-frame,Message,true,2023-07-20,4:08
914,957,30,uniform,Story,true,2023-08-25,20:26
915,456,684,toolset,Message,true,2023-10-15,18:58
916,797,470,Adaptive,Story,false,2023-04-26,16:24
917,66,946,alliance,Message,true,2023-12-13,7:18
918,497,132,User-centric,Story,true,2023-07-22,7:30
919,778,138,secured line,Story,false,2023-07-07,19:38
920,684,218,hybrid,Story,true,2023-10-14,14:02
921,14,349,synergy,Message,false,2023-03-20,1:25
922,310,462,real-time,Story,true,2023-04-18,0:00
923,737,543,concept,Story,true,2023-04-12,15:35
924,209,636,Re-engineered,Message,true,2023-12-06,22:58
925,219,983,methodology,Story,true,2023-06-14,18:19
926,97,813,reciprocal,Message,false,2023-06-14,13:11
927,840,880,protocol,Story,true,2023-02-01,6:43
928,871,551,high-level,Story,false,2023-08-04,6:30
929,757,594,Enhanced,Message,true,2023-12-18,22:48
930,409,185,help-desk,Story,false,2023-10-26,14:21
931,82,177,Profound,Story,false,2023-01-12,20:53
932,788,95,attitude,Message,true,2023-02-20,11:31
933,50,334,Organic,Message,true,2023-06-05,22:51
934,3,454,projection,Message,true,2024-01-19,15:47
935,695,783,multi-tasking,Message,false,2023-12-26,15:53
936,395,149,Proactive,Story,false,2023-02-17,12:51
937,18,548,infrastructure,Story,false,2023-07-06,5:56
938,500,381,Cloned,Message,false,2023-08-01,19:48
939,62,55,hybrid,Story,true,2023-09-10,20:18
940,818,734,Mandatory,Story,false,2023-10-15,21:12
941,686,165,matrix,Story,true,2023-12-18,16:21
942,71,189,hub,Message,true,2023-09-03,9:59
943,1,906,discrete,Message,false,2024-01-29,14:02
944,817,245,methodical,Message,false,2023-02-18,6:19
945,303,620,moderator,Story,true,2024-02-16,23:40
946,154,805,projection,Message,false,2024-02-20,7:47
947,583,194,Programmable,Story,true,2023-12-14,9:34
948,203,67,Persistent,Story,false,2023-05-07,7:05
949,918,272,product,Message,false,2023-02-23,0:52
950,821,844,User-friendly,Story,false,2023-03-15,14:22
951,673,796,cohesive,Story,false,2023-10-07,19:19
952,204,331,Secured,Story,true,2023-12-06,1:44
953,489,269,Graphic Interface,Message,true,2023-07-05,14:21
954,586,308,mission-critical,Message,false,2023-12-15,6:30
955,179,302,implementation,Story,true,2023-03-26,12:30
956,27,282,multi-state,Story,false,2024-01-24,1:15
957,544,355,open system,Message,true,2023-10-01,16:37
958,305,628,utilisation,Message,true,2024-02-16,0:17
959,714,669,client-driven,Message,false,2024-01-14,3:51
960,452,866,Robust,Message,false,2024-02-15,11:05
961,728,202,Ergonomic,Story,false,2023-10-02,1:25
962,542,143,optimal,Story,false,2024-02-21,23:16
963,125,946,benchmark,Story,false,2023-11-29,16:55
964,892,194,tangible,Message,true,2023-05-01,3:24
965,878,473,Face to face,Message,false,2023-08-31,15:26
966,841,826,dynamic,Story,true,2024-02-18,3:10
967,597,343,optimizing,Story,true,2023-01-03,18:49
968,727,204,moderator,Story,false,2024-01-28,9:44
969,691,793,collaboration,Story,true,2023-03-07,9:29
970,608,526,orchestration,Story,true,2023-03-01,18:53
971,635,788,Enhanced,Message,false,2023-08-31,0:32
972,178,216,matrices,Message,false,2023-11-07,18:42
973,265,458,Visionary,Message,false,2023-04-30,7:56
974,104,423,User-centric,Story,true,2024-02-13,19:38
975,161,439,context-sensitive,Story,false,2023-04-17,5:35
976,446,782,multimedia,Message,false,2023-08-22,23:42
977,374,133,projection,Story,false,2023-10-26,2:30
978,29,994,system-worthy,Story,true,2024-01-07,20:35
979,817,197,Cross-platform,Message,false,2024-01-17,17:32
980,488,236,Balanced,Message,true,2023-09-30,4:13
981,957,443,optimal,Message,true,2023-10-13,15:58
982,287,61,Reverse-engineered,Story,true,2024-01-30,5:34
983,620,418,full-range,Message,false,2023-02-22,9:17
984,854,22,encryption,Message,false,2023-06-29,22:19
985,794,650,support,Message,false,2023-10-15,21:46
986,520,393,directional,Story,true,2023-11-05,9:21
987,870,384,customer loyalty,Message,false,2023-11-10,15:39
988,364,135,time-frame,Story,true,2023-05-02,2:38
989,581,383,matrix,Message,false,2024-02-17,11:54
990,489,727,forecast,Message,false,2023-04-14,6:21
991,155,508,Multi-channelled,Message,true,2024-02-01,3:05
992,531,224,Front-line,Message,false,2023-04-27,16:40
993,798,104,database,Story,true,2023-07-14,9:20
994,828,105,utilisation,Message,false,2023-11-17,12:20
995,325,295,optimal,Message,true,2023-08-25,9:42
996,916,101,Business-focused,Story,true,2023-06-22,1:35
997,696,619,orchestration,Message,true,2023-08-14,15:46
998,570,830,dedicated,Story,false,2023-06-09,7:13
999,18,604,full-range,Message,true,2023-04-14,9:24
1000,660,952,support,Message,false,2023-01-19,8:43
